32540,d518254f-f137-4221-96bb-0a91df9a9a9a
33568,d518254f-f137-4221-96bb-0a91df9a9a9a
38924-tellen,d518254f-f137-4221-96bb-0a91df9a9a9a
26158,d518254f-f137-4221-96bb-0a91df9a9a9a
33929-Blauwenzwart-S,4d61c8f6-420a-4825-b35d-12adb8b3aeae
33929-Grijsenzwart-S,4d61c8f6-420a-4825-b35d-12adb8b3aeae
28516,948b4307-aebf-4b81-bf37-074f92b33073
40360,948b4307-aebf-4b81-bf37-074f92b33073
39717,948b4307-aebf-4b81-bf37-074f92b33073
42678,948b4307-aebf-4b81-bf37-074f92b33073
22015,48f00004-31a3-4e30-b757-86c5f12080b8
29816,48f00004-31a3-4e30-b757-86c5f12080b8
2583,48f00004-31a3-4e30-b757-86c5f12080b8
24034,48f00004-31a3-4e30-b757-86c5f12080b8
16791,48f00004-31a3-4e30-b757-86c5f12080b8
42677,48f00004-31a3-4e30-b757-86c5f12080b8
5161,48f00004-31a3-4e30-b757-86c5f12080b8
43104,48f00004-31a3-4e30-b757-86c5f12080b8
16862,d426cc9a-06ab-4f29-ba3e-0890ea0c02f4
31695,d426cc9a-06ab-4f29-ba3e-0890ea0c02f4
30625,c96cf09d-3752-4f3e-980e-93d40c338606
5942,c96cf09d-3752-4f3e-980e-93d40c338606
20804,c96cf09d-3752-4f3e-980e-93d40c338606
36286,da464607-9269-4030-b3ee-a0858e9b0e2e
40885,d6bba76c-9396-48a4-9540-33a82e1440ca
36447,be8c34ce-cc35-4bfe-a054-09cefd122d1d
34823,be8c34ce-cc35-4bfe-a054-09cefd122d1d
43347,5ab13f6d-291b-4b5c-ad62-afaa1f687a54
3502,5ab13f6d-291b-4b5c-ad62-afaa1f687a54
43174,5ab13f6d-291b-4b5c-ad62-afaa1f687a54
43195,5ab13f6d-291b-4b5c-ad62-afaa1f687a54
43611,5ab13f6d-291b-4b5c-ad62-afaa1f687a54
25991,5ab13f6d-291b-4b5c-ad62-afaa1f687a54
42709,5ab13f6d-291b-4b5c-ad62-afaa1f687a54
33708,5ab13f6d-291b-4b5c-ad62-afaa1f687a54
33605,8e4c94f1-96e7-4a78-9adb-36dbab37ce64
33620,8e4c94f1-96e7-4a78-9adb-36dbab37ce64
21208,da258aeb-1306-4e54-ac78-361a72bbba86
7869,da258aeb-1306-4e54-ac78-361a72bbba86
42275,da258aeb-1306-4e54-ac78-361a72bbba86
33121,da258aeb-1306-4e54-ac78-361a72bbba86
40319,eb6df861-dd91-4ff4-80d8-b78217377163
40332,eb6df861-dd91-4ff4-80d8-b78217377163
39805,eb6df861-dd91-4ff4-80d8-b78217377163
