5a393eceed295900010386a8,BOUNCER
5a393ef6a825610001bb6c51,JUDGER
5a393d68ed295900010384ca,BOUNCER
5a39402ba825610001bb6dc1,JUDGER
5a3940cea825610001bb6e93,
5a3941e1ed29590001038ad9,
5a394475ed29590001038e43,buyer
5a394487a825610001bb7348,
5a3945b0ed29590001038fea,BROWSER
5a39484fed2959000103930c,JUDGER
5a394aa8a825610001bb7aed,JUDGER
5a394ab6a825610001bb7b02,buyer
5a394b1fed29590001039651,COMPARER
5a39414ba825610001bb6f3d,LEAVER
5a394b78ed295900010396a5,
5a394b43a825610001bb7ba5,BROWSER
5a394bebed2959000103972f,
5a394c9fed2959000103980a,JUDGER
5a394d22a825610001bb7dce,comparator
5a394ce4a825610001bb7d7b,COMPARER
5a394ff7a825610001bb8186,buyer
5a395022a825610001bb81c7,
5a395297a825610001bb8512,BROWSER
5a39530eed2959000103a084,BUYER
5a395341ed2959000103a0e0,BROWSER
5a3953b9ed2959000103a19e,BUYER
5a39557bed2959000103a409,BUYER
5a39567fed2959000103a539,FUN_SHOPPER
5a394d7da825610001bb7e43,BOUNCER
5a3956dfa825610001bb8b33,
5a3958f3ed2959000103a8d4,buyer
5a395a04ed2959000103aa47,BROWSER
5a395850ed2959000103a7f4,BOUNCER
5a395b0ced2959000103abdb,comparator
5a395bcfed2959000103acdc,BROWSER
5a395cd7a825610001bb9413,buyer
5a395bb2a825610001bb927e,
5a395d1aa825610001bb9484,BUYER
5a395fc1ed2959000103b24d,COMPARER
5a3960cfa825610001bb9a4e,BROWSER
5a3962c2a825610001bb9e1c,JUDGER
5a396289a825610001bb9dbb,buyer
5a396308ed2959000103b77a,BUYER
5a39636ced2959000103b809,JUDGER
5a396487ed2959000103b9c5,LEAVER
5a396483ed2959000103b9be,JUDGER
5a396500ed2959000103ba7e,judger
5a396779a825610001bba692,
5a396522ed2959000103baac,BROWSER
5a3969f3ed2959000103c2de,
5a396cfea825610001bbb137,JUDGER
5a396ac7ed2959000103c44a,BROWSER
5a396e36a825610001bbb368,COMPARER
5a396ee0ed2959000103cb30,BROWSER
5a39710ded2959000103ce9d,buyer
5a396d94a825610001bbb241,BOUNCER
5a39711ced2959000103ceba,JUDGER
5a397159ed2959000103ceff,buyer
5a3972cbed2959000103d12c,
5a397393a825610001bbbcea,JUDGER
5a397484a825610001bbbe83,JUDGER
5a3974beed2959000103d439,leaver
5a39753bed2959000103d51f,
5a397581a825610001bbc048,
5a3975cbed2959000103d624,
5a3975cfed2959000103d62e,judger
5a397129a825610001bbb8b5,BROWSER
5a39768fa825610001bbc270,leaver
5a397721a825610001bbc37e,BUYER
5a3976f8a825610001bbc33c,BOUNCER
5a3979d4a825610001bbc7bc,browser
5a397876ed2959000103da73,JUDGER
5a397bc1a825610001bbca9d,BOUNCER
5a397bd4ed2959000103df89,COMPARER
5a397bd1a825610001bbcab4,LEAVER
5a397c64a825610001bbcba1,
5a397d03a825610001bbccc4,bouncer
5a397d71a825610001bbcd92,
5a397cb7a825610001bbcc42,BOUNCER
5a397fa8ed2959000103e547,judger
5a3984d7a825610001bbd949,bouncer
5a39855fa825610001bbda0f,JUDGER
5a3986a7ed2959000103ef62,JUDGER
5a3986e5a825610001bbdc2e,buyer
5a398ae5a825610001bbe134,buyer
5a398da4ed2959000103f795,BOUNCER
5a399285a825610001bbe8e1,judger
5a3982eca825610001bbd607,buyer
5a399534ed2959000103fe46,
5a3996dded2959000103ff95,
5a39983ea825610001bbed51,browser
5a399796a825610001bbece9,BROWSER
5a399866ed295900010400a3,buyer
5a399c52a825610001bbf052,BROWSER
5a399d37ed2959000104041c,leaver
5a399d9ea825610001bbf161,BOUNCER
5a39a469ed295900010407dc,LEAVER
5a39a76ca825610001bbf5d6,JUDGER
5a39ac51ed29590001040a30,
5a39aa41a825610001bbf69f,buyer
5a39b037ed29590001040afa,JUDGER
